<?xml version="1.0"?>
<doc>
    <assembly>
        <name>ProjektJPWPv2</name>
    </assembly>
    <members>
        <member name="T:ProjektJPWPv2.Game">
            <summary>
            Klasa, w której odbywa się większość gry. Jest to najważniejsza klasa.
            </summary>
        </member>
        <member name="F:ProjektJPWPv2.Game.time">
            <summary>
            Pole przechowujące pozostały czas gry.
            </summary>
        </member>
        <member name="F:ProjektJPWPv2.Game.time_add">
            <summary>
            Pole, które odpowiada za dodawanie czasu podczas łapania piłek, wartość tego pola zmienia się wraz z poziomem trudności.
            </summary>
        </member>
        <member name="F:ProjektJPWPv2.Game.score">
            <summary>
            Pole przechowujące wynik.
            </summary>
        </member>
        <member name="F:ProjektJPWPv2.Game.final_score">
            <summary>
            Pole przechowujące końcowy wynik (wynik + serca przemnożone przez odpowiedni współczynnik trudności).
            </summary>
        </member>
        <member name="F:ProjektJPWPv2.Game.ball_speed">
            <summary>
            Pole przechowujące szybkość spadania piłek.
            </summary>
        </member>
        <member name="F:ProjektJPWPv2.Game.heart_speed">
            <summary>
            Pole przechowujące szybkość spadania serc.
            </summary>
        </member>
        <member name="F:ProjektJPWPv2.Game.player_lives">
            <summary>
            Pole przechowujące ilość żyć gracza.
            </summary>
        </member>
        <member name="F:ProjektJPWPv2.Game.question">
            <summary>
            Pole przechowujące treść pytania.
            </summary>
        </member>
        <member name="F:ProjektJPWPv2.Game.answer">
            <summary>
            Pole przechowujące odpowiedź wpisaną przez gracza.
            </summary>
        </member>
        <member name="F:ProjektJPWPv2.Game.correct_answer">
            <summary>
            Pole przechowujące prawidłową odpowiedź.
            </summary>
        </member>
        <member name="F:ProjektJPWPv2.Game.question_timeleft">
            <summary>
            Pole przechowujące czas na odpowiedź.
            </summary>
        </member>
        <member name="F:ProjektJPWPv2.Game.streak">
            <summary>
            Pole przechowujące aktualną serię dobrze odpowiedzianych pytań.
            </summary>
        </member>
        <member name="M:ProjektJPWPv2.Game.#ctor">
            <summary>
            Dodanie obiektów.
            </summary>
        </member>
        <member name="M:ProjektJPWPv2.Game.Draw(System.Drawing.Graphics)">
            <summary>
            Metoda rysująca na planszy obiekty.
            </summary>
        </member>
        <member name="M:ProjektJPWPv2.Game.UpdatePlayerPostition(System.Int32)">
            <summary>
            Metoda aktualizująca pozycję gracza.
            </summary>
        </member>
        <member name="M:ProjektJPWPv2.Game.BallDrop">
            <summary>
            Metoda odpowiadająca za ruch piłek i serc.
            </summary>
        </member>
        <member name="M:ProjektJPWPv2.Game.IsGreenBallCatched">
            <summary>
            Metoda sprawdzająca, czy złapano zieloną piłkę.
            </summary>
        </member>
        <member name="M:ProjektJPWPv2.Game.IsYellowBallCatched">
            <summary>
            Metoda sprawdzająca, czy złapano żółtą piłkę.
            </summary>
        </member>
        <member name="M:ProjektJPWPv2.Game.IsRedBallCatched">
            <summary>
            Metoda sprawdzająca, czy złapano czerwoną piłkę.
            </summary>
        </member>
        <member name="M:ProjektJPWPv2.Game.IsLifePointCatched">
            <summary>
            Metoda sprawdzająca, czy złapano serce.
            </summary>
        </member>
        <member name="M:ProjektJPWPv2.Game.EasyQuestion">
            <summary>
            Metoda generująca łatwe pytanie.
            </summary>
        </member>
        <member name="M:ProjektJPWPv2.Game.MediumQuestion">
            <summary>
            Metoda generująca średnie pytanie.
            </summary>
        </member>
        <member name="M:ProjektJPWPv2.Game.HardQuestion">
            <summary>
            Metoda generująca trudne pytanie.
            </summary>
        </member>
        <member name="M:ProjektJPWPv2.Game.AnswerCheck">
            <summary>
            Metoda sprawdzająca, czy odpowiedź podana przez gracza jest prawidłowa.
            </summary>
        </member>
        <member name="M:ProjektJPWPv2.Game.WrongAnswerOrTimeEnd">
            <summary>
            Metoda odpowiadająca za sytuację, gdy gracz źle odpowiedział na pytanie, lub skonczył mu się czas na odpowiedź.
            </summary>
        </member>
        <member name="M:ProjektJPWPv2.Game.GoodAnswer">
            <summary>
            Metoda odpowiadająca za sytuację, gdy gracz dobrze odpowiedział na pytanie.
            </summary>
        </member>
        <member name="M:ProjektJPWPv2.Game.bonus">
            <summary>
            Metoda naliczająca bonus w zależności od tego, na ile pytań udało się odpowiedzieć bezbłędnie.
            </summary>
        </member>
        <member name="M:ProjektJPWPv2.Game.Level">
            <summary>
            Metoda, która zwraca obecny poziom, na podstawie wyniku gracza.
            </summary>
        </member>
        <member name="M:ProjektJPWPv2.Game.SpawnBall(System.Int32)">
            <summary>
            Metoda "spawnująca" piłki, każdy kolejny poziom trudności wpływa na rozkład prawdopodobieństwa wystąpienia danego koloru piłki.
            </summary>
        </member>
        <member name="M:ProjektJPWPv2.Game.RemoveBall">
            <summary>
            Metoda przenosząca piłki poza grywalny obszar gry.
            </summary>
        </member>
        <member name="M:ProjektJPWPv2.Game.RemoveHeart">
            <summary>
            Metoda przenosząca serca poza grywalny obszar gry.
            </summary>
        </member>
        <member name="M:ProjektJPWPv2.Game.GreenBallFallDown">
            <summary>
            Metoda sprawdzająca, czy zielona piłka spadła poza planszę.
            </summary>
        </member>
        <member name="M:ProjektJPWPv2.Game.YellowBallFallDown">
            <summary>
            Metoda sprawdzająca, czy żółta piłka spadła poza planszę.
            </summary>
        </member>
        <member name="M:ProjektJPWPv2.Game.RedBallFallDown">
            <summary>
            Metoda sprawdzająca, czy czerwona piłka spadła poza planszę.
            </summary>
        </member>
        <member name="M:ProjektJPWPv2.Game.EndOfTime">
            <summary>
            Metoda sprawdzająca, czy skończył się czas.
            </summary>
        </member>
        <member name="M:ProjektJPWPv2.Game.Lost">
            <summary>
            Metoda sprawdzająca, czy gra zakończyła się (w przypadku gdy skończył się czas lub utracono wszystkie życia).
            </summary>
        </member>
        <member name="M:ProjektJPWPv2.Game.FinalMark">
            <summary>
            Metoda przyznająca ocenę graczowi na podstawie zdobytych punktów, pozostałych żyć i poziomu, w którym zakończono grę.
            </summary>
        </member>
        <member name="M:ProjektJPWPv2.Game.Restart">
            <summary>
            Metoda, która rozpoczyna grę od początku.
            </summary>
        </member>
        <member name="T:ProjektJPWPv2.LifePoint">
            <summary>
            Klasa zawierająca serca, które można zbierać podczas gry, które odnawiają jedno życie.
            </summary>
        </member>
        <member name="F:ProjektJPWPv2.LifePoint.dimensions">
            <summary>
            Pole zawierające wymiary serca.
            </summary>
        </member>
        <member name="F:ProjektJPWPv2.LifePoint.point">
            <summary>
            Pole zawierające punkt, w którym znajduje się serce.
            </summary>
        </member>
        <member name="F:ProjektJPWPv2.LifePoint.img">
            <summary>
            Pole przechowujące grafikę serca.
            </summary>
        </member>
        <member name="M:ProjektJPWPv2.LifePoint.Draw(System.Drawing.Graphics)">
            <summary>
            Metoda rysująca serce na podstawie jego wymiarów i obrazka.
            </summary>
        </member>
        <member name="M:ProjektJPWPv2.LifePoint.GenerateSpawnPoint">
            <summary>
            Pole generujące punkt, w którym pojawi się serce.
            </summary>
        </member>
        <member name="T:ProjektJPWPv2.Okno">
            <summary>
            Klasa wyświetlająca grę.
            </summary>
        </member>
        <member name="M:ProjektJPWPv2.Okno.#ctor">
            <summary>
            Inicjujemy wszystkie potrzebne rzeczy, uruchamiamy timery itd.
            </summary>
        </member>
        <member name="F:ProjektJPWPv2.Okno.components">
            <summary>
            Wymagana zmienna projektanta.
            </summary>
        </member>
        <member name="M:ProjektJPWPv2.Okno.Dispose(System.Boolean)">
            <summary>
            Wyczyść wszystkie używane zasoby.
            </summary>
            <param name="disposing">prawda, jeżeli zarządzane zasoby powinny zostać zlikwidowane; Fałsz w przeciwnym wypadku.</param>
        </member>
        <member name="M:ProjektJPWPv2.Okno.InitializeComponent">
            <summary>
            Metoda wymagana do obsługi projektanta — nie należy modyfikować
            jej zawartości w edytorze kodu.
            </summary>
        </member>
        <member name="T:ProjektJPWPv2.Ball">
            <summary>
            Klasa piłek, które pojawiają się w grze.
            </summary>
        </member>
        <member name="F:ProjektJPWPv2.Ball.dimensions">
            <summary>
            Pole wymiary piłki obrazek.
            </summary>
        </member>
        <member name="F:ProjektJPWPv2.Ball.point">
            <summary>
            Pole przechowujące punkt, w którym piłka się znajduje.
            </summary>
        </member>
        <member name="T:ProjektJPWPv2.GreenBall">
            <summary>
            Klasa zielona piłka, która dziedziczy po piłce.
            </summary>
        </member>
        <member name="F:ProjektJPWPv2.GreenBall.img">
            <summary>
            Pole przechowujące obrazek.
            </summary>
        </member>
        <member name="M:ProjektJPWPv2.GreenBall.Draw(System.Drawing.Graphics)">
            <summary>
            Metoda rysująca piłkę na podstawie jej wymiarów i obrazka.
            </summary>
        </member>
        <member name="M:ProjektJPWPv2.GreenBall.GenerateSpawnPoint">
            <summary>
            Metoda generująca losowy punkt pojawienia się piłki.
            </summary>
        </member>
        <member name="T:ProjektJPWPv2.YellowBall">
            <summary>
            Klasa żółta piłka, która dziedziczy po piłce.
            </summary>
        </member>
        <member name="F:ProjektJPWPv2.YellowBall.img">
            <summary>
            Pole przechowujące obrazek.
            </summary>
        </member>
        <member name="M:ProjektJPWPv2.YellowBall.Draw(System.Drawing.Graphics)">
            <summary>
            Metoda rysująca piłkę na podstawie jej wymiarów i obrazka.
            </summary>
        </member>
        <member name="M:ProjektJPWPv2.YellowBall.GenerateSpawnPoint">
            <summary>
            Metoda generująca losowy punkt pojawienia się piłki.
            </summary>
        </member>
        <member name="T:ProjektJPWPv2.RedBall">
            <summary>
            Klasa czerwona piłka, która dziedziczy po piłce.
            </summary>
        </member>
        <member name="F:ProjektJPWPv2.RedBall.img">
            <summary>
            Pole przechowujące obrazek.
            </summary>
        </member>
        <member name="M:ProjektJPWPv2.RedBall.Draw(System.Drawing.Graphics)">
            <summary>
            Metoda rysująca piłkę na podstawie jej wymiarów i obrazka.
            </summary>
        </member>
        <member name="M:ProjektJPWPv2.RedBall.GenerateSpawnPoint">
            <summary>
            Metoda generująca losowy punkt pojawienia się piłki.
            </summary>
        </member>
        <member name="T:ProjektJPWPv2.Player">
            <summary>
            Klasa reprezentująca postać, którą steruje gracz podczas gry.
            </summary>
        </member>
        <member name="F:ProjektJPWPv2.Player.width">
            <summary>
            Pole przechowujące szerokość gracza.
            </summary>
        </member>
        <member name="F:ProjektJPWPv2.Player.height">
            <summary>
            Pole przechowujące wysokość gracza.
            </summary>
        </member>
        <member name="F:ProjektJPWPv2.Player.point">
            <summary>
            Pole przechowujące punkt, w którym znajduje się gracz.
            </summary>
        </member>
        <member name="F:ProjektJPWPv2.Player.lives">
            <summary>
            Pole przechowujące życia gracza.
            </summary>
        </member>
        <member name="M:ProjektJPWPv2.Player.Draw(System.Drawing.Graphics)">
            <summary>
            Metoda ta rysuje postać za każdym razem gdy jest wywoływana w klasie Game.
            </summary>
        </member>
        <member name="M:ProjektJPWPv2.Player.LostAllLifePoints">
            <summary>
            Metoda sprawdzająca, czy gracz stracił wszystkie punkty życia.
            </summary>
        </member>
        <member name="M:ProjektJPWPv2.Program.Main">
            <summary>
            Główny punkt wejścia dla aplikacji.
            </summary>
        </member>
        <member name="T:ProjektJPWPv2.Properties.Resources">
            <summary>
              Klasa zasobu wymagająca zdefiniowania typu do wyszukiwania zlokalizowanych ciągów itd.
            </summary>
        </member>
        <member name="P:ProjektJPWPv2.Properties.Resources.ResourceManager">
            <summary>
            Zwraca buforowane wystąpienie ResourceManager używane przez tę klasę.
            </summary>
        </member>
        <member name="P:ProjektJPWPv2.Properties.Resources.Culture">
            <summary>
              Przesłania właściwość CurrentUICulture bieżącego wątku dla wszystkich
              przypadków przeszukiwania zasobów za pomocą tej klasy zasobów wymagającej zdefiniowania typu.
            </summary>
        </member>
        <member name="P:ProjektJPWPv2.Properties.Resources._47786">
            <summary>
              Wyszukuje zlokalizowany zasób typu System.Drawing.Bitmap.
            </summary>
        </member>
        <member name="P:ProjektJPWPv2.Properties.Resources._477861">
            <summary>
              Wyszukuje zlokalizowany zasób typu System.Drawing.Bitmap.
            </summary>
        </member>
        <member name="P:ProjektJPWPv2.Properties.Resources._6Tr5eLnjc">
            <summary>
              Wyszukuje zlokalizowany zasób typu System.Drawing.Bitmap.
            </summary>
        </member>
        <member name="P:ProjektJPWPv2.Properties.Resources.answer_bad">
            <summary>
              Wyszukuje zlokalizowany zasób typu System.IO.UnmanagedMemoryStream podobny do zasobu System.IO.MemoryStream.
            </summary>
        </member>
        <member name="P:ProjektJPWPv2.Properties.Resources.answer_good">
            <summary>
              Wyszukuje zlokalizowany zasób typu System.IO.UnmanagedMemoryStream podobny do zasobu System.IO.MemoryStream.
            </summary>
        </member>
        <member name="P:ProjektJPWPv2.Properties.Resources.awatar">
            <summary>
              Wyszukuje zlokalizowany zasób typu System.Drawing.Bitmap.
            </summary>
        </member>
        <member name="P:ProjektJPWPv2.Properties.Resources.endgame">
            <summary>
              Wyszukuje zlokalizowany zasób typu System.IO.UnmanagedMemoryStream podobny do zasobu System.IO.MemoryStream.
            </summary>
        </member>
        <member name="P:ProjektJPWPv2.Properties.Resources.gain_lifepoint">
            <summary>
              Wyszukuje zlokalizowany zasób typu System.IO.UnmanagedMemoryStream podobny do zasobu System.IO.MemoryStream.
            </summary>
        </member>
        <member name="P:ProjektJPWPv2.Properties.Resources.green_ball">
            <summary>
              Wyszukuje zlokalizowany zasób typu System.Drawing.Bitmap.
            </summary>
        </member>
        <member name="P:ProjektJPWPv2.Properties.Resources.red_ball">
            <summary>
              Wyszukuje zlokalizowany zasób typu System.Drawing.Bitmap.
            </summary>
        </member>
        <member name="P:ProjektJPWPv2.Properties.Resources.yellow_ball">
            <summary>
              Wyszukuje zlokalizowany zasób typu System.Drawing.Bitmap.
            </summary>
        </member>
    </members>
</doc>
